original,new
samples/187/江油都市网_6.4.4_APKPure.apk,samples/cluster_187/app_001.apk
samples/187/胜芳大杂烩_6.4.0_APKPure.apk,samples/cluster_187/app_002.apk
samples/187/黄桥在线_4.2_APKPure.apk,samples/cluster_187/app_003.apk
samples/208/com.grmzhstlapk.huawei.apk,samples/cluster_208/app_001.apk
samples/208/com.mtrjkrdjapk.huawei.apk,samples/cluster_208/app_002.apk
samples/235/宝宝儿童右脑开发_3.2up_APKPure.apk,samples/cluster_235/app_001.apk
samples/235/宝宝公主涂色本_3.9ec_APKPure.apk,samples/cluster_235/app_002.apk
samples/235/宝宝学堂加减法_3.1uq_APKPure.apk,samples/cluster_235/app_003.apk
samples/235/宝宝早教有声卡片_5.8ec_APKPure.apk,samples/cluster_235/app_004.apk
samples/235/宝宝涂色魔法屋_3.6fc_APKPure.apk,samples/cluster_235/app_005.apk
samples/235/宝宝科学光学篇_3.5ur_APKPure.apk,samples/cluster_235/app_006.apk
samples/235/宝宝科学动画启蒙_3.4_APKPure.apk,samples/cluster_235/app_007.apk
samples/235/宝宝颜色乐园_5.8fb_APKPure.apk,samples/cluster_235/app_008.apk
samples/102/com.sjzmor.srtkapk.huawei.apk,samples/cluster_102/app_001.apk
samples/102/sryyts10.apk,samples/cluster_102/app_002.apk
samples/224/Dinosaur Park Games：DuDu Games_2.3.06_APKPure.apk,samples/cluster_224/app_001.apk
samples/224/Dress Up Games ：DuDu Games_2.1.06_APKPure.apk,samples/cluster_224/app_002.apk
samples/224/Supermarket Shopping：DuDu Game_2.4.05_APKPure.apk,samples/cluster_224/app_003.apk
samples/247/掌上东湖_3.1.2_APKPure.apk,samples/cluster_247/app_001.apk
samples/247/掌上新建_3.1.4_APKPure.apk,samples/cluster_247/app_002.apk
samples/247/掌上湾里_3.1.2_APKPure.apk,samples/cluster_247/app_003.apk
samples/247/掌上红谷滩_3.1.2_APKPure.apk,samples/cluster_247/app_004.apk
samples/247/掌上青云谱_3.1.3_APKPure.apk,samples/cluster_247/app_005.apk
samples/248/2010e190a4f6fbc953378b1f4bb01d45ba0fb5f4efe3ae0eaa8290e4b58bd689_com.doubleugames.DoubleUCasino.apk,samples/cluster_248/app_001.apk
samples/248/3c4a974bb2bf25d19c5ca1cce0bacf5517355ab8305360c56bb49a5c518a6b72_com.williamsinteractive.goldfish.apk,samples/cluster_248/app_002.apk
samples/248/d217f5fbd3e4e8c68f80eeb2bec9175243c460c9e386923182702272384405b4_com.playtika.wsop.gp.apk,samples/cluster_248/app_003.apk
samples/298/com.bigruby.TownLifeBusyHospital.vivo.apk,samples/cluster_298/app_001.apk
samples/298/com.bigrubyapp.fashionmermaidpalace.huawei_v8.0.2_2265.com.apk,samples/cluster_298/app_002.apk
samples/185/3f7749d86dfe66ebfd8d2aed6465e489f116ea8e814521bcb786a67673d20f20_sq.wenqian.net.apk,samples/cluster_185/app_001.apk
samples/185/b925c1c9a775f6e43145f0965e775214e7465e948f69001ebf1bb404b9b258af_plus.H59B7064B.apk,samples/cluster_185/app_002.apk
samples/185/com.taohuaji.app.dududahuo.apk,samples/cluster_185/app_003.apk
samples/185/d9c9916a7b817e3b562d78e258e6680a97a761bc67dfa9aba3f48b82eb7f07e7_io.dcloud.H54005E77.apk,samples/cluster_185/app_004.apk
samples/185/io.dcloud.dianjiforpro_V2.0.12_liqucn.com.apk,samples/cluster_185/app_005.apk
samples/269/0f5cb7d1753abedd71bcff862806e591e1a223e6267d02cf30abeda4ad9a29f2_com.photo.hyds.apk,samples/cluster_269/app_001.apk
samples/269/9d21ff52a984f9dd60467ca790f10eddc5a6114f5faca3b95fc9a663f608cfcb_com.aaai.jjsskzsd.apk,samples/cluster_269/app_002.apk
samples/269/b6838814c25c0d5da1f8e10d5c0fad65753af9ddcc96e0742622ab76ee6732f7_com.aaaf.accaksxbs.apk,samples/cluster_269/app_003.apk
samples/269/i薪生活_1.3.2_APKPure.apk,samples/cluster_269/app_004.apk
samples/269/小学语数英_4.8.7_APKPure.apk,samples/cluster_269/app_005.apk
samples/269/高中语数英_4.8.7_APKPure.apk,samples/cluster_269/app_006.apk
samples/77/云上宜都_1.1.5_APKPure.apk,samples/cluster_077/app_001.apk
samples/77/云上房县_1.3.1_APKPure.apk,samples/cluster_077/app_002.apk
samples/77/云上浠水_1.0.9_APKPure.apk,samples/cluster_077/app_003.apk
samples/77/云上襄州_1.1.1_APKPure.apk,samples/cluster_077/app_004.apk
samples/77/云上钟祥_1.1.9_APKPure.apk,samples/cluster_077/app_005.apk
samples/77/云上黄梅_1.1.2_APKPure.apk,samples/cluster_077/app_006.apk
samples/105/askxtb_152852.apk,samples/cluster_105/app_001.apk
samples/105/bdb3a88f1fd9b3754c26cfe30c4946440f11050866f10acd8af5363c201a95f5_com.gd.gdmbads.apk,samples/cluster_105/app_002.apk
samples/105/cb6ebbfff6d47659466f17f751725d0fd29ec895544789f17c248d281c6aa28a_com.aaag.cpabkgwx.apk,samples/cluster_105/app_003.apk
samples/105/com.gd.gdmbads.apk,samples/cluster_105/app_004.apk
samples/105/f56a7736824e87efa485f740d24d10cc0bae9ca9a82919565b1a830b83e86ae4_com.gaodun.cfazsd.apk,samples/cluster_105/app_005.apk
samples/244/一级造价师练题狗_3.1.0.0_APKPure.apk,samples/cluster_244/app_001.apk
samples/244/一级造价师练题狗_3.2.0.0_APKPure.apk,samples/cluster_244/app_002.apk
samples/66/上学吧八大员考试题库_5.0.8_APKPure.apk,samples/cluster_066/app_001.apk
samples/66/上学吧基金从业_5.0.8_APKPure.apk,samples/cluster_066/app_002.apk
samples/66/上学吧经济师题库_5.0.8_APKPure.apk,samples/cluster_066/app_003.apk
samples/66/人力资源管理师_5.0.8_APKPure.apk,samples/cluster_066/app_004.apk
samples/66/党政考试题库_5.0.8_APKPure.apk,samples/cluster_066/app_005.apk
samples/66/安全生产题库_5.0.8_APKPure.apk,samples/cluster_066/app_006.apk
samples/66/执法资格_5.0.5_APKPure.apk,samples/cluster_066/app_007.apk
samples/66/演出经纪人_5.0.8_APKPure.apk,samples/cluster_066/app_008.apk
samples/66/特种作业人员考试_5.0.8_APKPure.apk,samples/cluster_066/app_009.apk
samples/246/9417f698221955307ef54f56a12ba6f571c66cc5258c2e8b821ffec0af36c20d_com.lida.jiajianchengchu.apk,samples/cluster_246/app_001.apk
samples/246/宝宝学写字_2.0.51_APKPure.apk,samples/cluster_246/app_002.apk
samples/246/开心脑筋急转弯_1.0.19_APKPure.apk,samples/cluster_246/app_003.apk
samples/124/儿童古诗拼音版_2.9udx_APKPure.apk,samples/cluster_124/app_001.apk
samples/124/宝宝听世界_2.6urx_APKPure.apk,samples/cluster_124/app_002.apk
samples/124/宝宝学儿歌听故事_6.4_APKPure.apk,samples/cluster_124/app_003.apk
samples/124/宝宝学数字数学启蒙_3.9fdx_APKPure.apk,samples/cluster_124/app_004.apk
samples/124/宝宝英语启蒙_4.8udx_APKPure.apk,samples/cluster_124/app_005.apk
samples/186/60b01df1278f23590a8d7f49480931364e90ce4bfccecb66734082d0c64ca2a6_com.igame.xmmy.mnjsxfc.huawei.apk,samples/cluster_186/app_001.apk
samples/186/com.igame.xmmy.mnjsxfc.huawei.apk,samples/cluster_186/app_002.apk
samples/186/jdcjzc_587623.apk,samples/cluster_186/app_003.apk
samples/145/庆生礼仪_1.1.9_APKPure.apk,samples/cluster_145/app_001.apk
samples/145/快赚快省_6.7.35_APKPure.apk,samples/cluster_145/app_002.apk
samples/145/聚合省钱_6.8.95_APKPure.apk,samples/cluster_145/app_003.apk
samples/145/萌豆_6.8.88_APKPure.apk,samples/cluster_145/app_004.apk
samples/145/超值汇聚_6.8.94_APKPure.apk,samples/cluster_145/app_005.apk
samples/287/历史教师招聘考试_2.0.4_APKPure.apk,samples/cluster_287/app_001.apk
samples/287/幼儿教师招聘考试_2.0.5_APKPure.apk,samples/cluster_287/app_002.apk
samples/287/教师招聘考试_2.0.6_APKPure.apk,samples/cluster_287/app_003.apk
samples/287/音乐教师招聘考试_2.0.6_APKPure.apk,samples/cluster_287/app_004.apk
samples/213/Learn English_7.1_APKPure.apk,samples/cluster_213/app_001.apk
samples/213/Learn Greek_6.1_APKPure.apk,samples/cluster_213/app_002.apk
samples/213/Learn Persian Farsi_6.1_APKPure.apk,samples/cluster_213/app_003.apk
samples/213/Learn Polish_6.1_APKPure.apk,samples/cluster_213/app_004.apk
samples/213/Learn Spanish_6.1_APKPure.apk,samples/cluster_213/app_005.apk
samples/213/Learn Turkish_6.1_APKPure.apk,samples/cluster_213/app_006.apk
samples/229/com.igame.fxbl.hycjzc.huawei.apk,samples/cluster_229/app_001.apk
samples/229/com.igame.xmbt.bbtgd.huawei.apk,samples/cluster_229/app_002.apk
samples/229/jytzb_999683.apk,samples/cluster_229/app_003.apk
samples/177/com.suibianwan.dxsdh.wk.huawei.apk,samples/cluster_177/app_001.apk
samples/177/zjmjyx.apk,samples/cluster_177/app_002.apk
samples/157/20200901093025_BubbleWujin312_uc.pay.ads_1.0.2_12.apk,samples/cluster_157/app_001.apk
samples/157/宝宝爱拼图_1.3.8_APKPure.apk,samples/cluster_157/app_002.apk
samples/286/com.igame.xmbt.dwtsmn.huawei.apk,samples/cluster_286/app_001.apk
samples/286/com.igame.xmbt.zwdzmrss.huawei.apk,samples/cluster_286/app_002.apk
samples/280/com.elinkint.baixiaoji.apk,samples/cluster_280/app_001.apk
samples/280/com.xftgou.weixin.android3.apk,samples/cluster_280/app_002.apk
samples/133/乒乓网_8.0_APKPure.apk,samples/cluster_133/app_001.apk
samples/133/发光公社_6.6.0_APKPure.apk,samples/cluster_133/app_002.apk
samples/133/小嘀咕_6.7_APKPure.apk,samples/cluster_133/app_003.apk
samples/133/小香玩精油_6.4.0_APKPure.apk,samples/cluster_133/app_004.apk
samples/133/猛犬俱乐部_6.3.8_APKPure.apk,samples/cluster_133/app_005.apk
samples/133/玩转宝轮_6.1.6_APKPure.apk,samples/cluster_133/app_006.apk
samples/133/贵港快乐网_6.1.4_APKPure.apk,samples/cluster_133/app_007.apk
samples/133/迅维网_6.1.6_APKPure.apk,samples/cluster_133/app_008.apk
samples/196/儿童宝宝海洋世界_4.6eb_APKPure.apk,samples/cluster_196/app_001.apk
samples/196/儿童汽车迷宫_4.6ed_APKPure.apk,samples/cluster_196/app_002.apk
samples/196/儿童益智拖拖乐_5.1fd_APKPure.apk,samples/cluster_196/app_003.apk
samples/196/儿童观察力训练_3.1ed_APKPure.apk,samples/cluster_196/app_004.apk
samples/196/宝宝儿童动物乐园_5.0fc_APKPure.apk,samples/cluster_196/app_005.apk
samples/196/宝宝儿童汽车乐园_3.6up_APKPure.apk,samples/cluster_196/app_006.apk
samples/196/宝宝幼教学配对_3.6fe_APKPure.apk,samples/cluster_196/app_007.apk
samples/196/宝宝恐龙世界_4.9fc_APKPure.apk,samples/cluster_196/app_008.apk
samples/196/宝宝过生日_3.0fc_APKPure.apk,samples/cluster_196/app_009.apk
samples/113/com.igame.bjmf.sdscjxkb.huawei.apk,samples/cluster_113/app_001.apk
samples/113/com.igame.fxbl.yhxyecyla.huawei.apk,samples/cluster_113/app_002.apk
samples/167/62bc0c207c582a392d33fb7bf291f05e269718600613c5711bb47f03ff374926_com.party.zhdj.huawei.apk,samples/cluster_167/app_001.apk
samples/167/792aee0310965f7bf6b79463507b28e7a2b488e061387aa71ddf64992806c7fd_app.kaboshikeji.bykj.apk,samples/cluster_167/app_002.apk
samples/167/b4c2eb54566ec77bab169164e792975aa192014cf2da649e19ea35ae9bf7a33e_com.shikeduoandroid.cnetinventory.apk,samples/cluster_167/app_003.apk
samples/167/偶来打包_1.1.8_APKPure.apk,samples/cluster_167/app_004.apk
samples/167/全国潮汐表_1.0.5_APKPure.apk,samples/cluster_167/app_005.apk
samples/167/危险作业管控_1.0.16_APKPure.apk,samples/cluster_167/app_006.apk
samples/167/木管家_3.3.3_APKPure.apk,samples/cluster_167/app_007.apk
samples/167/淘管家CRM_3.3.17_APKPure.apk,samples/cluster_167/app_008.apk
samples/222/songjiangjiuyuan_v1.0.0_2265.com.apk,samples/cluster_222/app_001.apk
samples/222/街舞猩球_1.5.12_APKPure.apk,samples/cluster_222/app_002.apk
samples/293/一手货源_1.3.0_APKPure.apk,samples/cluster_293/app_001.apk
samples/293/拿货网_1.9.0_APKPure.apk,samples/cluster_293/app_002.apk
samples/293/莆田货源_1.8.0_APKPure.apk,samples/cluster_293/app_003.apk
samples/163/东吴期货通_2.4_APKPure.apk,samples/cluster_163/app_001.apk
samples/163/东吴期货通_2.5_APKPure.apk,samples/cluster_163/app_002.apk
samples/163/中信建投期货通_2.00.13_APKPure.apk,samples/cluster_163/app_003.apk
samples/163/中州期货通_1.2.0_APKPure.apk,samples/cluster_163/app_004.apk
samples/163/中粮期货个金通_1.2.4_APKPure.apk,samples/cluster_163/app_005.apk
samples/163/光大期货通_2.3.4_APKPure.apk,samples/cluster_163/app_006.apk
samples/163/国信期货通_1.0.7_APKPure.apk,samples/cluster_163/app_007.apk
samples/163/国泰君安掌上期货_3.2.5_APKPure.apk,samples/cluster_163/app_008.apk
samples/163/广州期货开户交易_2.0.8_APKPure.apk,samples/cluster_163/app_009.apk
samples/163/海证期货同花顺版_2.0.8_APKPure.apk,samples/cluster_163/app_010.apk
samples/277/com.xsrm.news.shangcai.apk,samples/cluster_277/app_001.apk
samples/277/com.xsrm.news.zhenping_2.5.5.apk,samples/cluster_277/app_002.apk
samples/277/云上建安_3.0.3_APKPure.apk,samples/cluster_277/app_003.apk
samples/230/com.benben.caifangxin.apk,samples/cluster_230/app_001.apk
samples/230/xiaoniusudian_v2.0.0_jxdown.com.apk,samples/cluster_230/app_002.apk
samples/259/执业助理医师练题狗-医考题库_3.2.0.0_APKPure.apk,samples/cluster_259/app_001.apk
samples/259/执业药师练题狗_3.1.0.1_APKPure.apk,samples/cluster_259/app_002.apk
samples/259/辅导员_3.2.0.0_APKPure.apk,samples/cluster_259/app_003.apk
samples/72/b29ecd0b837c910095b3e47a1628182dfbe6b7e1f79205c3aee4437e6ae6973c_com.jxldgj.Servicer.apk,samples/cluster_072/app_001.apk
samples/72/ba13edfc46eb4f80332eec610ac9cc1853e8bd44fc92d8884e9a53847349c376_w2a.W2Am.cx5y.com.apk,samples/cluster_072/app_002.apk
samples/72/c7d5b10a2d64fc9e51bf508ba16e88d3f503a1be3c4535514939183099597126_w2a.W2Am.bjxiaohuo.cn.apk,samples/cluster_072/app_003.apk
samples/72/python教程_3.6_APKPure.apk,samples/cluster_072/app_004.apk
samples/72/棋易_1.1.5_APKPure.apk,samples/cluster_072/app_005.apk
samples/221/com.ctkj.zscsmnjs.huawei.apk,samples/cluster_221/app_001.apk
samples/221/fkdwdzz_996654.apk,samples/cluster_221/app_002.apk
samples/221/fkpkdzz_917325.apk,samples/cluster_221/app_003.apk
samples/161/一级建造师提分王_2.9.1_APKPure.apk,samples/cluster_161/app_001.apk
samples/161/二级建造师考试提分王_2.9.1_APKPure.apk,samples/cluster_161/app_002.apk
samples/161/期货从业考试提分王_2.9.1_APKPure.apk,samples/cluster_161/app_003.apk
samples/161/证券从业考试提分王_2.9.1_APKPure.apk,samples/cluster_161/app_004.apk
samples/189/2c36c59e6ea492348525504f0581e7a6efacf6e9e1068202d02f051fc09c8f1a_io.dcloud.H5342BD81.apk,samples/cluster_189/app_001.apk
samples/189/453dd28d2ffc4986cc0b46617fd68939353b4d33bb8f8552834778cd55c5b99c_com.mimijishi.app.client.apk,samples/cluster_189/app_002.apk
samples/189/64afbe89535bf2de916c4e373cf630f986576e3fdb53efb996025e0a2b29fc60_io.dcloud.H5E99145C.apk,samples/cluster_189/app_003.apk
samples/189/e电通商务平台_2.0.18_APKPure.apk,samples/cluster_189/app_004.apk
samples/189/天泰商旅_6.3.0_APKPure.apk,samples/cluster_189/app_005.apk
samples/183/一级建造师亿题库_2.9.1_APKPure.apk,samples/cluster_183/app_001.apk
samples/183/二建亿题库_2.9.1_APKPure.apk,samples/cluster_183/app_002.apk
samples/183/基金从业资格亿题库_2.9.1_1_APKPure.apk,samples/cluster_183/app_003.apk
samples/183/证券从业资格亿题库_2.9.1_APKPure.apk,samples/cluster_183/app_004.apk
samples/143/宝宝唐诗听学_1.0.15_APKPure.apk,samples/cluster_143/app_001.apk
samples/143/左右脑益智乐园_1.0.19_APKPure.apk,samples/cluster_143/app_002.apk
samples/143/我爱消成语_1.0.18_APKPure.apk,samples/cluster_143/app_003.apk
samples/143/我爱消成语_1.0.19_APKPure.apk,samples/cluster_143/app_004.apk
samples/143/趣味答题猜谜_1.0.19_APKPure.apk,samples/cluster_143/app_005.apk
samples/56/87af393808002a2f9d10824ae9011ab2f356d4d16895d54c2a06d240389c254b_com.wxtd.bid.apk,samples/cluster_056/app_001.apk
samples/56/cd614683191c29658994c55a8c4e8779ddfeb3caeb1e98a6dae60dc4271f2e6c_com.zhongaiyisheng.apk,samples/cluster_056/app_002.apk
samples/56/db5dc3088e31d81ff8d81de79a937f4314d4173098b2be9e783db4809da69c3a_com.app.douben.apk,samples/cluster_056/app_003.apk
samples/214/3a0dc560ae1286a24fbb37a15fdd74f0280b1d8b1215a20e093ee5b604c933ce_com.appmind.radios.se.apk,samples/cluster_214/app_001.apk
samples/214/81dbc4fb89db5eeb5a4a19ec4d00facb02fc61a68cf6913c6b3e3bfd5d75cb29_com.appmind.radios.ph.apk,samples/cluster_214/app_002.apk
samples/214/92e82b0926c4f8db39929aaeeecb673649c4109d26c01f42ce7b5f405ff49173_com.appmind.radios.dk.apk,samples/cluster_214/app_003.apk
samples/214/Radio Germany - internetradio_4.0.39_APKPure.apk,samples/cluster_214/app_004.apk
samples/214/Radio South Africa Online_4.0.51_APKPure.apk,samples/cluster_214/app_005.apk
samples/214/Radio Thailand - Radio Online_4.0.36_APKPure.apk,samples/cluster_214/app_006.apk
samples/249/优选查车_1.2.012_APKPure.apk,samples/cluster_249/app_001.apk
samples/249/梦醒5G_4.0.26_APKPure.apk,samples/cluster_249/app_002.apk
samples/82/专业变声器_10_APKPure.apk,samples/cluster_082/app_001.apk
samples/82/公主化妆日记_4.0_APKPure.apk,samples/cluster_082/app_002.apk
samples/233/米东好地方_2.2.0.7_APKPure.apk,samples/cluster_233/app_001.apk
samples/233/莎车好地方_2.1.0.6_APKPure.apk,samples/cluster_233/app_002.apk
samples/233/阜康好地方_2.1.0.4_APKPure.apk,samples/cluster_233/app_003.apk
samples/188/知护网_6.5.0_APKPure.apk,samples/cluster_188/app_001.apk
samples/188/郑生活_6.1.3_APKPure.apk,samples/cluster_188/app_002.apk
samples/112/com.xsrm.news.huangchuan.apk,samples/cluster_112/app_001.apk
samples/112/yunshang252.apk,samples/cluster_112/app_002.apk
samples/166/一级建造师考试云题库_2.9.1_1_APKPure.apk,samples/cluster_166/app_001.apk
samples/166/健康管理师考试题库_2.9.1_APKPure.apk,samples/cluster_166/app_002.apk
samples/166/初级会计职称云题库_2.7.9_APKPure.apk,samples/cluster_166/app_003.apk
samples/166/基金从业考试云题库_2.8.9_APKPure.apk,samples/cluster_166/app_004.apk
samples/166/税务师帮考题库_2.9.1_APKPure.apk,samples/cluster_166/app_005.apk
samples/166/银行招聘考试云题库_2.8.9_APKPure.apk,samples/cluster_166/app_006.apk
samples/219/E滁州人才网_2.8.26_APKPure.apk,samples/cluster_219/app_001.apk
samples/219/WWW_1.1_APKPure.apk,samples/cluster_219/app_002.apk
samples/219/保定百姓人才网_2.8.10_APKPure.apk,samples/cluster_219/app_003.apk
samples/219/眉山人才网_2.8.20_APKPure.apk,samples/cluster_219/app_004.apk
samples/219/雅安人才网_2.8.20_APKPure.apk,samples/cluster_219/app_005.apk
samples/242/com.igame.xmbt.jbtmn.huawei.apk,samples/cluster_242/app_001.apk
samples/242/com.igame.xmbt.xmmjdzz.huawei.apk,samples/cluster_242/app_002.apk
samples/35/成语闯一闯_1.0.1_APKPure.apk,samples/cluster_035/app_001.apk
samples/257/bdf17af37f2084d8e8cf6ec17e3cb2810475b649d85d61fba235f5371e35f971_com.wl.wrscrj.huawei.apk,samples/cluster_257/app_001.apk
samples/257/com.wl.wrscrj.huawei.apk,samples/cluster_257/app_002.apk
samples/257/guizeguaitaner_1000951.apk,samples/cluster_257/app_003.apk
samples/49/你好金塔_3.3.7_APKPure.apk,samples/cluster_049/app_001.apk
samples/49/多彩东乡_3.3.0_APKPure.apk,samples/cluster_049/app_002.apk
samples/49/大美肃北_3.3.8_APKPure.apk,samples/cluster_049/app_003.apk
samples/49/新临夏_3.3.4_APKPure.apk,samples/cluster_049/app_004.apk
samples/49/新临洮_3.3.3_APKPure.apk,samples/cluster_049/app_005.apk
samples/49/新卓尼_3.2.9_APKPure.apk,samples/cluster_049/app_006.apk
samples/49/智慧夏河_3.3.4_APKPure.apk,samples/cluster_049/app_007.apk
samples/49/绿洲民勤_3.3.2_APKPure.apk,samples/cluster_049/app_008.apk
samples/49/醉美肃州_3.4.0_APKPure.apk,samples/cluster_049/app_009.apk
samples/228/潼南人论坛_6.3.1_APKPure.apk,samples/cluster_228/app_001.apk
samples/228/龙港论坛_6.3.2_APKPure.apk,samples/cluster_228/app_002.apk
samples/42/0b6b71f684a2ee6182e3a01510ba6ef9aa5fcc0da30252ca68e2bae85c117f13_com.huawei.hilink.lifx.apk,samples/cluster_042/app_001.apk
samples/42/258c7e9519dc81fbfddf8b3b18e6f29fc22268352a0bff7014ac09aecfd17c3e_com.huawei.hilink.plugin.config.apk,samples/cluster_042/app_002.apk
samples/42/570c3438c7d2f046c581cf1f021497bf0a8073c29b12d2fb315f3c2f5deb4860_com.huawei.hilink.skill.v2.apk,samples/cluster_042/app_003.apk
samples/294/云上仙桃_1.1.7_APKPure.apk,samples/cluster_294/app_001.apk
samples/294/云上保康_1.1.2_APKPure.apk,samples/cluster_294/app_002.apk
samples/294/云上团风_1.1.1_APKPure.apk,samples/cluster_294/app_003.apk
samples/294/云上大冶_1.1.9_APKPure.apk,samples/cluster_294/app_004.apk
samples/294/云上孝昌_1.1.4_APKPure.apk,samples/cluster_294/app_005.apk
samples/294/云上当阳_1.1.3_APKPure.apk,samples/cluster_294/app_006.apk
samples/294/云上汉川_1.1.9_APKPure.apk,samples/cluster_294/app_007.apk
samples/294/云上红安_1.3.8_APKPure.apk,samples/cluster_294/app_008.apk
samples/294/云上罗田_1.2.6_APKPure.apk,samples/cluster_294/app_009.apk
samples/294/云上长阳_1.1.3_APKPure.apk,samples/cluster_294/app_010.apk
samples/294/云上随州_1.2.6_APKPure.apk,samples/cluster_294/app_011.apk
samples/261/com.qhkj.gjsjzsty.huawei.apk,samples/cluster_261/app_001.apk
samples/261/com.ylqskj.gffshmzmx.huawei.apk,samples/cluster_261/app_002.apk
samples/129/伊宁好地方_2.1.0.9_APKPure.apk,samples/cluster_129/app_001.apk
samples/129/尉犁好地方_2.1.0.6_APKPure.apk,samples/cluster_129/app_002.apk
samples/129/库车好地方_2.2.0.6_APKPure.apk,samples/cluster_129/app_003.apk
samples/129/温宿好地方_2.1.0.8_APKPure.apk,samples/cluster_129/app_004.apk
samples/129/疏勒好地方_2.0.5_APKPure.apk,samples/cluster_129/app_005.apk
samples/129/霍城好地方_2.1.0.4_APKPure.apk,samples/cluster_129/app_006.apk
samples/238/com.cooking.CookingCuisineFarm.tongshuo.apk,samples/cluster_238/app_001.apk
samples/238/com.igame.xmbt.jbtmn.huawei.apk,samples/cluster_238/app_002.apk
samples/238/com.igame.xmbt.xmmjdzz.huawei.apk,samples/cluster_238/app_003.apk
samples/270/四级听力_1.6.0408_APKPure.apk,samples/cluster_270/app_001.apk
samples/270/法硕考研_9.475.0608_APKPure.apk,samples/cluster_270/app_002.apk
samples/270/考研政治_9.480.0721_APKPure.apk,samples/cluster_270/app_003.apk
samples/270/考研数学_9.480.0721_APKPure.apk,samples/cluster_270/app_004.apk
samples/270/计算机一级考试_9.480.0721_APKPure.apk,samples/cluster_270/app_005.apk
samples/270/计算机二级米考试_9.480.0721_APKPure.apk,samples/cluster_270/app_006.apk
samples/100/b506399793fc8d8321b410459736bcd6456b83354199135e2a99261154dd32b3_plus.H51EEA5F9.apk,samples/cluster_100/app_001.apk
samples/100/com.gzhsxxw.android.apk,samples/cluster_100/app_002.apk
samples/100/com.shangkatong.pro.pad.apk,samples/cluster_100/app_003.apk
samples/100/d7adce0202398a0335868be20182813ccac34f36b6b52bc0c50f701907663662_plus.H5F25C99A.apk,samples/cluster_100/app_004.apk
samples/207/4ddac937738649d0232f4473be870d9b20e6c03d4d4130d8863ea47531fbbb98_plus.H5B581DE2.apk,samples/cluster_207/app_001.apk
samples/207/55681480f0946f7b7beba2929193e59771cd4492c2bfdd2fd70c2e91e60cd328_plus.H591D202A.apk,samples/cluster_207/app_002.apk
samples/207/com.mimijishi.app.shopadmin_1.2.5_xlhs.com.apk,samples/cluster_207/app_003.apk
samples/207/com.qingrui.shufadacidian_v3.1.1_9663.com.apk,samples/cluster_207/app_004.apk
samples/170/com.joym.bearrestaurant.huawei.2404261131.apk,samples/cluster_170/app_001.apk
samples/170/xiongcm138.apk,samples/cluster_170/app_002.apk
samples/234/com.igame.xmbt.kbwht.huawei.apk,samples/cluster_234/app_001.apk
samples/234/com.igame.xmbt.zjbzwjs.huawei.apk,samples/cluster_234/app_002.apk
samples/204/兰州石化_3.2.7_APKPure.apk,samples/cluster_204/app_001.apk
samples/204/新山丹_3.2.9_APKPure.apk,samples/cluster_204/app_002.apk
samples/204/新积石山_3.3.2_APKPure.apk,samples/cluster_204/app_003.apk
samples/204/爱迭部_3.2.9_APKPure.apk,samples/cluster_204/app_004.apk
samples/204/花开舟曲_3.3.0_APKPure.apk,samples/cluster_204/app_005.apk
samples/19/亿蝶_3.1.6_APKPure.apk,samples/cluster_019/app_001.apk
samples/19/百汇商城_1.2.0_APKPure.apk,samples/cluster_019/app_002.apk
samples/19/萌伙伴_3.4.5_APKPure.apk,samples/cluster_019/app_003.apk
samples/19/逛一逛_1.1.9_APKPure.apk,samples/cluster_019/app_004.apk
samples/19/领先行_3.6.0_APKPure.apk,samples/cluster_019/app_005.apk
samples/240/廊坊直聘网_2.8.28_APKPure.apk,samples/cluster_240/app_001.apk
samples/240/滨海直聘_2.9.7_APKPure.apk,samples/cluster_240/app_002.apk
samples/240/盐城人才网_2.9.6_APKPure.apk,samples/cluster_240/app_003.apk
samples/240/长春直聘_2.9.6_APKPure.apk,samples/cluster_240/app_004.apk
samples/182/mmhydxsedsgsv8.0.4_downcc.com.apk,samples/cluster_182/app_001.apk
samples/182/烹饪广场美食街_8.0.19_APKPure.apk,samples/cluster_182/app_002.apk
samples/203/1033325f0cedbeea32d604f97578299759e246307f63faca5d42126481e51d4b_com.publish.anrva1.apk,samples/cluster_203/app_001.apk
samples/203/9a322a1403145eb80ce93d59b876d484c64306158a74db618ac50dadc57850fb_com.publish.asQXVS3.apk,samples/cluster_203/app_002.apk
samples/203/e2e09b96b0e2dd4b5891af322907be9ef7aa27e6f15557ba2d2bb22a2af00c33_com.publish.aXBbrF2.apk,samples/cluster_203/app_003.apk
samples/203/kyyychghjyf2.67.010_2265.com.apk,samples/cluster_203/app_004.apk
samples/203/swxbyyjbj_edc_v2.110.011_jxdown.com.apk,samples/cluster_203/app_005.apk
samples/114/com.onesoft.app.Tiiku.Duia.JZSSX.apk,samples/cluster_114/app_001.apk
samples/114/com.onesoft.app.Tiiku.Duia.ZKSSX_3.3.3_jxdown.com.apk,samples/cluster_114/app_002.apk
samples/101/cn.com.voc.xhncloud.xinpingjiang.apk,samples/cluster_101/app_001.apk
samples/101/hdfbzxb.apk,samples/cluster_101/app_002.apk
samples/52/bf52b0b95d42c7b69f85be581aa8edcade84787a78a1642c0c22578eb31de1d0_com.zdwx.mjnnd.huawei.apk,samples/cluster_052/app_001.apk
samples/197/创业者出行_5.50.2.0002_APKPure.apk,samples/cluster_197/app_001.apk
samples/197/桔子出行_5.50.5.0003_APKPure.apk,samples/cluster_197/app_002.apk
samples/206/宝宝儿歌音乐欣赏_2.6.0_APKPure.apk,samples/cluster_206/app_001.apk
samples/206/宝宝职业体验_2.6.0_APKPure.apk,samples/cluster_206/app_002.apk
samples/206/泡泡恐龙世界_2.6.0_APKPure.apk,samples/cluster_206/app_003.apk
samples/206/泡泡节日嘉年华_2.6.0_APKPure.apk,samples/cluster_206/app_004.apk
samples/268/com.igame.xmhl.sryxdzz.huawei1.8.apk,samples/cluster_268/app_001.apk
samples/268/com.igame.yxwg.sgkxxxl.huawei.apk,samples/cluster_268/app_002.apk
samples/306/4d91df56d6ca2165f65a029a6172310948a0c7351800470bad2bf04515cfd6db_www.witech.app01.com.apk,samples/cluster_306/app_001.apk
samples/306/7873abd8c68eaf15432b1f93f2122b19d270a1f8277b3a8b58b31fdedb991c78_org.aprende.app.apk,samples/cluster_306/app_002.apk
samples/306/ac6dadea5fcb0f442e4cfe9e4062d6779bcaaa2820fbeb0af250d090b1cb2629_com.smartmedicalservices.sms.apk,samples/cluster_306/app_003.apk
samples/306/德富塑料网_1.1.0_APKPure.apk,samples/cluster_306/app_004.apk
samples/281/251f125184c46a4c07f6513b2a190e8ef775730da99916c935af202da163ea9c_com.qtrip.shetu.apk,samples/cluster_281/app_001.apk
samples/281/V380_6.4.50_APKPure.apk,samples/cluster_281/app_002.apk
samples/281/东经易网_6.1.40_APKPure.apk,samples/cluster_281/app_003.apk
samples/281/人情账簿_5.0.2_APKPure.apk,samples/cluster_281/app_004.apk
samples/281/星星充电_7.40.0_APKPure.apk,samples/cluster_281/app_005.apk
samples/281/爱看健康_1.11.0_APKPure.apk,samples/cluster_281/app_006.apk
samples/281/畅易行_5.1.0_APKPure.apk,samples/cluster_281/app_007.apk
samples/264/WWW_1.1_APKPure.apk,samples/cluster_264/app_001.apk
samples/264/平湖人才网_2.9.6_APKPure.apk,samples/cluster_264/app_002.apk
samples/264/沭阳人才网_2.8.12_APKPure.apk,samples/cluster_264/app_003.apk
samples/264/海宁招聘网_2.8.12_APKPure.apk,samples/cluster_264/app_004.apk
samples/47/元气乐刷_2.0.9_APKPure.apk,samples/cluster_047/app_001.apk
samples/47/光影上网_2.0.4_APKPure.apk,samples/cluster_047/app_002.apk
samples/47/幸运壁纸_1.0.8_APKPure.apk,samples/cluster_047/app_003.apk
samples/47/彩虹刷刷_2.0.6_APKPure.apk,samples/cluster_047/app_004.apk
samples/47/快乐WiFi_2.0.4_APKPure.apk,samples/cluster_047/app_005.apk
samples/47/户外星晴_2.0.1_APKPure.apk,samples/cluster_047/app_006.apk
samples/47/旷野计步_2.0.4_APKPure.apk,samples/cluster_047/app_007.apk
samples/47/星云来电_1.0.4_APKPure.apk,samples/cluster_047/app_008.apk
samples/47/白鲸文件管家_1.0.3_APKPure.apk,samples/cluster_047/app_009.apk
samples/47/百花悦看_2.1.1_APKPure.apk,samples/cluster_047/app_010.apk
samples/47/绿洲WiFi_2.0.8_APKPure.apk,samples/cluster_047/app_011.apk
samples/47/贴心来电_1.0.1_APKPure.apk,samples/cluster_047/app_012.apk
samples/47/逍遥来电_1.0.6_APKPure.apk,samples/cluster_047/app_013.apk
samples/47/金鱼看看_2.0.6_APKPure.apk,samples/cluster_047/app_014.apk
samples/47/雨霖充电_2.0.3_APKPure.apk,samples/cluster_047/app_015.apk
samples/47/雪峰流量_2.0.4_APKPure.apk,samples/cluster_047/app_016.apk
samples/47/青芒乐看_2.0.6_APKPure.apk,samples/cluster_047/app_017.apk
samples/47/青鸟看看_2.0.5_APKPure.apk,samples/cluster_047/app_018.apk
samples/172/38ea6246556c6f73bb916b3bac83cc49c9723aba063692a95f8d4740d6048b55_com.zjsxedu.zhijian.apk,samples/cluster_172/app_001.apk
samples/172/bec2810b6118b88878d7c0e35d0d2e225e8913845e971569f3f5bf633f7e9511_cn.ixunke.yiyantong.apk,samples/cluster_172/app_002.apk
samples/172/cn.ixunke.langchujiaoyu.apk,samples/cluster_172/app_003.apk
samples/172/cn.ixunke.yiyantong.apk,samples/cluster_172/app_004.apk
samples/172/f699909707e5925ccc397231094ec3f85961f5b04bc0c731a313127e950a60f1_cn.ixunke.lingtuwangxiao.apk,samples/cluster_172/app_005.apk
samples/181/A6DEBAD55CFFD6A47B4E00BBCBAF50F9.apk,samples/cluster_181/app_001.apk
samples/181/com.yxhc.djddz.huawei.apk,samples/cluster_181/app_002.apk
samples/110/com.lshy.hskd.apk,samples/cluster_110/app_001.apk
samples/110/com.zhaoxin.cytxj.apk,samples/cluster_110/app_002.apk
samples/168/ccc0747ab6bbc1efaf1dc01832503a28.apk,samples/cluster_168/app_001.apk
samples/168/com.mobbanana.ctlxe.huawei.apk,samples/cluster_168/app_002.apk
samples/58/Spring修图_1.1.1_APKPure.apk,samples/cluster_058/app_001.apk
samples/58/互传换机克隆_1.4_APKPure.apk,samples/cluster_058/app_002.apk
samples/58/快递物流查询_1.4_APKPure.apk,samples/cluster_058/app_003.apk
samples/58/投屏助手_1.6_APKPure.apk,samples/cluster_058/app_004.apk
samples/58/换机同步数据迁移_1.2_APKPure.apk,samples/cluster_058/app_005.apk
samples/58/文件压缩王_1.5_APKPure.apk,samples/cluster_058/app_006.apk
samples/58/驾考模拟器_16.0_APKPure.apk,samples/cluster_058/app_007.apk
samples/128/AFP金融理财师_3.4_APKPure.apk,samples/cluster_128/app_001.apk
samples/128/基金从业资格考试题库_5.3_APKPure.apk,samples/cluster_128/app_002.apk
samples/139/38af8cdac28d900c43dd642163903f737e8f5e08076bfe50c199db232cdd3f46_com.pengpengli.apk,samples/cluster_139/app_001.apk
samples/139/c735c43ff65f660d6428470c5f8e5ae80d0263f10e65a34495cb21e729a72112_com.plasEn.apk,samples/cluster_139/app_002.apk
samples/139/com.szkaifu.apk,samples/cluster_139/app_003.apk
samples/139/com.zjwlo.hshwy.apk,samples/cluster_139/app_004.apk
samples/139/daf6d889802e1704da10a66cb10ec396fdbc00ea30930657b76a6567264018cb_com.meilif.ymei.apk,samples/cluster_139/app_005.apk
samples/275/农人之家_6.3.7_APKPure.apk,samples/cluster_275/app_001.apk
samples/275/句容热线网_6.5.0.1_APKPure.apk,samples/cluster_275/app_002.apk
samples/275/江油都市网_6.4.4_APKPure.apk,samples/cluster_275/app_003.apk
samples/275/胜芳大杂烩_6.4.0_APKPure.apk,samples/cluster_275/app_004.apk
samples/275/邵武在线_6.5.3HX_APKPure.apk,samples/cluster_275/app_005.apk
samples/275/阿拉宁波网_6.4.0_APKPure.apk,samples/cluster_275/app_006.apk
samples/217/com.xsrm.news.jiaxian.apk,samples/cluster_217/app_001.apk
samples/217/com.xsrm.news.linzhou_3.0.3.apk,samples/cluster_217/app_002.apk
samples/89/云浮汇_6.9.2_APKPure.apk,samples/cluster_089/app_001.apk
samples/89/彭州同城生活_6.6.0_APKPure.apk,samples/cluster_089/app_002.apk
samples/89/徽府乐坊_3.0.2_APKPure.apk,samples/cluster_089/app_003.apk
samples/89/我爱吃喝玩乐_6.5.0_APKPure.apk,samples/cluster_089/app_004.apk
samples/89/掌握江夏_6.6.0_APKPure.apk,samples/cluster_089/app_005.apk
samples/89/森鱼_6.5.0_APKPure.apk,samples/cluster_089/app_006.apk
samples/89/砖瓦平台_6.5.0_APKPure.apk,samples/cluster_089/app_007.apk
samples/89/美发技术_3.4.0_APKPure.apk,samples/cluster_089/app_008.apk
samples/89/艺容社区_1.3.3_APKPure.apk,samples/cluster_089/app_009.apk
samples/169/com.ptszt.momi.apk,samples/cluster_169/app_001.apk
samples/169/com.rebornid.mall.apk,samples/cluster_169/app_002.apk
